article_id,label
0,NON_ECON
1,NON_ECON
2,NON_ECON
3,ECON
4,NON_ECON
5,NON_ECON
6,NON_ECON
7,NON_ECON
8,NON_ECON
9,NON_ECON
10,NON_ECON
11,NON_ECON
12,NON_ECON
13,NON_ECON
14,ECON
15,NON_ECON
16,NON_ECON
17,ECON
18,NON_ECON
19,NON_ECON
20,NON_ECON
21,NON_ECON
22,NON_ECON
23,NON_ECON
24,NON_ECON
25,NON_ECON
26,NON_ECON
27,NON_ECON
28,ECON
29,NON_ECON
30,NON_ECON
31,NON_ECON
32,NON_ECON
33,AMBIGUOUS
34,NON_ECON
35,NON_ECON
36,NON_ECON
37,NON_ECON
38,ECON
39,NON_ECON
40,NON_ECON
41,NON_ECON
42,NON_ECON
43,NON_ECON
44,NON_ECON
45,ECON
46,NON_ECON
47,NON_ECON
48,NON_ECON
49,ECON
50,NON_ECON
51,NON_ECON
52,NON_ECON
53,NON_ECON
54,AMBIGUOUS
55,NON_ECON
56,NON_ECON
57,NON_ECON
58,NON_ECON
59,ECON
60,NON_ECON
61,NON_ECON
62,NON_ECON
63,NON_ECON
64,NON_ECON
65,NON_ECON
66,ECON
67,NON_ECON
68,NON_ECON
69,NON_ECON
70,NON_ECON
71,NON_ECON
72,NON_ECON
73,NON_ECON
74,NON_ECON
75,NON_ECON
76,NON_ECON
77,ECON
78,ECON
79,ECON
80,ECON
81,NON_ECON
82,NON_ECON
83,NON_ECON
84,NON_ECON
85,NON_ECON
86,AMBIGUOUS
87,NON_ECON
88,NON_ECON
89,NON_ECON
90,NON_ECON
91,NON_ECON
92,ECON
93,NON_ECON
94,ECON
95,NON_ECON
96,NON_ECON
97,NON_ECON
98,NON_ECON
99,NON_ECON
100,NON_ECON
101,NON_ECON
102,ECON
103,NON_ECON
104,NON_ECON
105,NON_ECON
106,NON_ECON
107,NON_ECON
108,NON_ECON
109,NON_ECON
110,NON_ECON
111,NON_ECON
112,NON_ECON
113,NON_ECON
114,NON_ECON
115,ECON
116,NON_ECON
117,NON_ECON
118,NON_ECON
119,ECON
120,ECON
121,NON_ECON
122,NON_ECON
123,NON_ECON
124,NON_ECON
125,NON_ECON
126,ECON
127,NON_ECON
128,NON_ECON
129,NON_ECON
130,NON_ECON
131,NON_ECON
132,NON_ECON
133,NON_ECON
134,NON_ECON
135,NON_ECON
136,NON_ECON
137,NON_ECON
138,NON_ECON
139,NON_ECON
140,NON_ECON
141,NON_ECON
142,NON_ECON
143,NON_ECON
144,NON_ECON
145,NON_ECON
146,NON_ECON
147,NON_ECON
148,NON_ECON
149,ECON
150,NON_ECON
151,NON_ECON
152,NON_ECON
153,NON_ECON
154,NON_ECON
155,NON_ECON
156,NON_ECON
157,ECON
158,NON_ECON
159,NON_ECON
160,AMBIGUOUS
161,NON_ECON
162,ECON
163,NON_ECON
164,NON_ECON
165,ECON
166,NON_ECON
167,ECON
168,NON_ECON
169,NON_ECON
170,NON_ECON
171,NON_ECON
172,NON_ECON
173,NON_ECON
174,NON_ECON
175,NON_ECON
176,NON_ECON
177,ECON
178,ECON
179,ECON
180,NON_ECON
181,NON_ECON
182,ECON
183,AMBIGUOUS
184,NON_ECON
185,NON_ECON
186,NON_ECON
187,NON_ECON
188,NON_ECON
189,NON_ECON
190,NON_ECON
191,NON_ECON
192,NON_ECON
193,NON_ECON
194,NON_ECON
195,NON_ECON
196,NON_ECON
197,ECON
198,NON_ECON
199,AMBIGUOUS
200,NON_ECON
201,NON_ECON
202,NON_ECON
203,AMBIGUOUS
204,NON_ECON
205,NON_ECON
206,NON_ECON
207,NON_ECON
208,AMBIGUOUS
209,NON_ECON
210,NON_ECON
211,NON_ECON
212,NON_ECON
213,NON_ECON
214,NON_ECON
215,NON_ECON
216,ECON
217,NON_ECON
218,NON_ECON
219,NON_ECON
220,NON_ECON
221,NON_ECON
222,NON_ECON
223,ECON
224,NON_ECON
225,ECON
226,NON_ECON
227,ECON
228,NON_ECON
229,ECON
230,NON_ECON
231,NON_ECON
232,NON_ECON
233,NON_ECON
234,NON_ECON
235,NON_ECON
236,ECON
237,NON_ECON
238,NON_ECON
239,NON_ECON
240,NON_ECON
241,NON_ECON
242,NON_ECON
243,NON_ECON
244,NON_ECON
245,NON_ECON
246,NON_ECON
247,NON_ECON
248,NON_ECON
249,ECON
250,ECON
251,ECON
252,NON_ECON
253,NON_ECON
254,ECON
255,NON_ECON
256,NON_ECON
257,ECON
258,NON_ECON
259,ECON
260,NON_ECON
261,NON_ECON
262,ECON
263,NON_ECON
264,NON_ECON
265,NON_ECON
266,NON_ECON
267,NON_ECON
268,NON_ECON
269,ECON
270,NON_ECON
271,NON_ECON
272,NON_ECON
273,NON_ECON
274,NON_ECON
275,NON_ECON
276,ECON
277,NON_ECON
278,NON_ECON
279,ECON
280,NON_ECON
281,NON_ECON
282,NON_ECON
283,NON_ECON
284,ECON
285,NON_ECON
286,NON_ECON
287,NON_ECON
288,NON_ECON
289,NON_ECON
290,NON_ECON
291,NON_ECON
292,ECON
293,NON_ECON
294,NON_ECON
295,NON_ECON
296,ECON
297,NON_ECON
298,NON_ECON
299,NON_ECON
300,NON_ECON
301,ECON
302,NON_ECON
303,ECON
304,NON_ECON
305,NON_ECON
306,ECON
307,NON_ECON
308,ECON
309,NON_ECON
310,NON_ECON
311,ECON
312,NON_ECON
313,NON_ECON
314,NON_ECON
315,NON_ECON
316,ECON
317,NON_ECON
318,NON_ECON
319,NON_ECON
320,NON_ECON
321,NON_ECON
322,ECON
323,NON_ECON
324,ECON
325,NON_ECON
326,NON_ECON
327,ECON
328,NON_ECON
329,NON_ECON
330,NON_ECON
331,ECON
332,NON_ECON
333,NON_ECON
334,NON_ECON
335,NON_ECON
336,NON_ECON
337,ECON
338,ECON
339,ECON
340,NON_ECON
341,NON_ECON
342,ECON
343,NON_ECON
344,ECON
345,NON_ECON
346,NON_ECON
347,NON_ECON
348,NON_ECON
349,NON_ECON
350,NON_ECON
351,NON_ECON
352,ECON
353,ECON
354,NON_ECON
355,NON_ECON
356,NON_ECON
357,ECON
358,NON_ECON
359,NON_ECON
360,ECON
361,ECON
362,ECON
363,NON_ECON
364,NON_ECON
365,NON_ECON
366,NON_ECON
367,NON_ECON
368,NON_ECON
369,NON_ECON
370,NON_ECON
371,NON_ECON
372,NON_ECON
373,NON_ECON
374,NON_ECON
375,NON_ECON
376,NON_ECON
377,NON_ECON
378,NON_ECON
379,NON_ECON
380,NON_ECON
381,NON_ECON
382,NON_ECON
383,NON_ECON
384,NON_ECON
385,NON_ECON
386,NON_ECON
387,NON_ECON
388,NON_ECON
389,NON_ECON
390,NON_ECON
391,NON_ECON
392,ECON
393,NON_ECON
394,NON_ECON
395,NON_ECON
396,NON_ECON
397,ECON
398,ECON
399,NON_ECON
400,NON_ECON
401,NON_ECON
402,NON_ECON
403,NON_ECON
404,NON_ECON
405,NON_ECON
406,ECON
407,NON_ECON
408,NON_ECON
409,NON_ECON
410,NON_ECON
411,NON_ECON
412,ECON
413,ECON
414,ECON
415,NON_ECON
416,NON_ECON
417,NON_ECON
418,NON_ECON
419,NON_ECON
420,NON_ECON
421,NON_ECON
422,NON_ECON
423,NON_ECON
424,NON_ECON
425,ECON
426,NON_ECON
427,ECON
428,NON_ECON
429,NON_ECON
430,NON_ECON
431,NON_ECON
432,NON_ECON
433,NON_ECON
434,NON_ECON
435,NON_ECON
436,NON_ECON
437,NON_ECON
438,ECON
439,NON_ECON
440,NON_ECON
441,NON_ECON
442,NON_ECON
443,ECON
444,NON_ECON
445,ECON
446,NON_ECON
447,NON_ECON
448,NON_ECON
449,NON_ECON
450,NON_ECON
451,NON_ECON
452,ECON
453,NON_ECON
454,NON_ECON
455,NON_ECON
456,NON_ECON
457,NON_ECON
458,NON_ECON
459,NON_ECON
460,NON_ECON
461,NON_ECON
462,NON_ECON
463,NON_ECON
464,NON_ECON
465,NON_ECON
466,NON_ECON
467,NON_ECON
468,NON_ECON
469,NON_ECON
470,NON_ECON
471,NON_ECON
472,NON_ECON
473,NON_ECON
474,ECON
475,ECON
476,NON_ECON
477,NON_ECON
478,NON_ECON
479,NON_ECON
480,ECON
481,ECON
482,ECON
483,NON_ECON
484,NON_ECON
485,NON_ECON
486,NON_ECON
487,ECON
488,NON_ECON
489,NON_ECON
490,NON_ECON
491,NON_ECON
492,ECON
493,NON_ECON
494,NON_ECON
495,NON_ECON
496,NON_ECON
497,NON_ECON
498,NON_ECON
499,ECON
500,ECON
501,ECON
502,NON_ECON
503,NON_ECON
504,ECON
505,NON_ECON
506,NON_ECON
507,NON_ECON
508,ECON
509,NON_ECON
510,NON_ECON
511,ECON
512,NON_ECON
513,NON_ECON
514,NON_ECON
515,NON_ECON
516,NON_ECON
517,NON_ECON
518,NON_ECON
519,NON_ECON
520,NON_ECON
521,ECON
522,NON_ECON
523,NON_ECON
524,ECON
525,NON_ECON
526,NON_ECON
527,NON_ECON
528,ECON
529,ECON
530,NON_ECON
531,NON_ECON
532,NON_ECON
533,ECON
534,NON_ECON
535,NON_ECON
536,NON_ECON
537,NON_ECON
538,ECON
539,NON_ECON
540,ECON
541,NON_ECON
542,NON_ECON
543,NON_ECON
544,NON_ECON
545,NON_ECON
546,NON_ECON
547,NON_ECON
548,NON_ECON
549,ECON
550,NON_ECON
551,NON_ECON
552,ECON
553,NON_ECON
554,ECON
555,NON_ECON
556,NON_ECON
557,ECON
558,NON_ECON
559,NON_ECON
560,NON_ECON
561,NON_ECON
562,ECON
563,NON_ECON
564,NON_ECON
565,NON_ECON
566,NON_ECON
567,NON_ECON
568,NON_ECON
569,ECON
570,NON_ECON
571,NON_ECON
572,ECON
573,NON_ECON
574,NON_ECON
575,NON_ECON
576,NON_ECON
577,NON_ECON
578,NON_ECON
579,ECON
580,NON_ECON
581,NON_ECON
582,NON_ECON
583,NON_ECON
584,NON_ECON
585,NON_ECON
586,NON_ECON
587,NON_ECON
588,ECON
589,NON_ECON
590,NON_ECON
591,NON_ECON
592,NON_ECON
593,NON_ECON
594,NON_ECON
595,ECON
596,NON_ECON
597,NON_ECON
598,NON_ECON
599,NON_ECON
600,NON_ECON
601,NON_ECON
602,ECON
603,NON_ECON
604,NON_ECON
605,ECON
606,NON_ECON
607,NON_ECON
608,NON_ECON
609,NON_ECON
610,NON_ECON
611,NON_ECON
612,NON_ECON
613,ECON
614,NON_ECON
615,ECON
616,NON_ECON
617,ECON
618,NON_ECON
619,ECON
620,NON_ECON
621,NON_ECON
622,NON_ECON
623,ECON
624,NON_ECON
625,NON_ECON
626,NON_ECON
627,NON_ECON
628,NON_ECON
629,ECON
630,ECON
631,NON_ECON
632,NON_ECON
633,NON_ECON
634,NON_ECON
635,ECON
636,ECON
637,ECON
638,NON_ECON
639,NON_ECON
640,NON_ECON
641,NON_ECON
642,NON_ECON
643,NON_ECON
644,NON_ECON
645,NON_ECON
646,NON_ECON
647,ECON
648,NON_ECON
649,NON_ECON
650,NON_ECON
651,NON_ECON
652,NON_ECON
653,NON_ECON
654,NON_ECON
655,NON_ECON
656,ECON
657,ECON
658,ECON
659,NON_ECON
660,NON_ECON
661,NON_ECON
662,ECON
663,NON_ECON
664,NON_ECON
665,NON_ECON
666,NON_ECON
667,ECON
668,NON_ECON
669,NON_ECON
670,NON_ECON
671,ECON
672,NON_ECON
673,ECON
674,NON_ECON
675,NON_ECON
676,NON_ECON
677,NON_ECON
678,NON_ECON
679,ECON
680,NON_ECON
681,ECON
682,NON_ECON
683,NON_ECON
684,ECON
685,NON_ECON
686,NON_ECON
687,NON_ECON
688,NON_ECON
689,NON_ECON
690,NON_ECON
691,ECON
692,NON_ECON
693,NON_ECON
694,NON_ECON
695,NON_ECON
696,NON_ECON
697,NON_ECON
698,NON_ECON
699,NON_ECON
700,NON_ECON
701,NON_ECON
702,NON_ECON
703,ECON
704,NON_ECON
705,NON_ECON
706,NON_ECON
707,NON_ECON
708,NON_ECON
709,NON_ECON
710,NON_ECON
711,NON_ECON
712,NON_ECON
713,NON_ECON
714,NON_ECON
715,NON_ECON
716,NON_ECON
717,ECON
718,NON_ECON
719,NON_ECON
720,NON_ECON
721,ECON
722,NON_ECON
723,NON_ECON
724,ECON
725,NON_ECON
726,NON_ECON
727,NON_ECON
728,ECON
729,NON_ECON
730,NON_ECON
731,NON_ECON
732,NON_ECON
733,NON_ECON
734,NON_ECON
735,NON_ECON
736,NON_ECON
737,ECON
738,NON_ECON
739,NON_ECON
740,NON_ECON
741,NON_ECON
742,NON_ECON
743,NON_ECON
744,NON_ECON
745,NON_ECON
746,NON_ECON
747,ECON
748,NON_ECON
749,ECON
750,ECON
751,NON_ECON
752,NON_ECON
753,NON_ECON
754,ECON
755,NON_ECON
756,NON_ECON
757,NON_ECON
758,NON_ECON
759,ECON
760,ECON
761,NON_ECON
762,NON_ECON
763,NON_ECON
764,NON_ECON
765,NON_ECON
766,NON_ECON
767,NON_ECON
768,NON_ECON
769,NON_ECON
770,ECON
771,NON_ECON
772,NON_ECON
773,NON_ECON
774,NON_ECON
775,NON_ECON
776,ECON
777,NON_ECON
778,NON_ECON
779,NON_ECON
780,NON_ECON
781,NON_ECON
782,NON_ECON
783,NON_ECON
784,NON_ECON
785,NON_ECON
786,NON_ECON
787,ECON
788,ECON
789,NON_ECON
790,ECON
791,NON_ECON
792,NON_ECON
793,NON_ECON
794,NON_ECON
795,ECON
796,NON_ECON
797,NON_ECON
798,NON_ECON
799,ECON
800,NON_ECON
801,NON_ECON
802,ECON
803,NON_ECON
804,NON_ECON
805,NON_ECON
806,NON_ECON
807,NON_ECON
808,NON_ECON
809,NON_ECON
810,NON_ECON
811,NON_ECON
812,NON_ECON
813,NON_ECON
814,ECON
815,NON_ECON
816,ECON
817,NON_ECON
818,NON_ECON
819,NON_ECON
820,NON_ECON
821,NON_ECON
822,NON_ECON
823,NON_ECON
824,NON_ECON
825,NON_ECON
826,NON_ECON
827,NON_ECON
828,ECON
829,NON_ECON
830,NON_ECON
831,NON_ECON
832,NON_ECON
833,ECON
834,NON_ECON
835,NON_ECON
836,ECON
837,ECON
838,NON_ECON
839,NON_ECON
840,NON_ECON
841,NON_ECON
842,NON_ECON
843,NON_ECON
844,NON_ECON
845,NON_ECON
846,ECON
847,NON_ECON
848,NON_ECON
849,NON_ECON
850,NON_ECON
851,NON_ECON
852,NON_ECON
853,NON_ECON
854,ECON
855,NON_ECON
856,NON_ECON
857,NON_ECON
858,ECON
859,NON_ECON
860,NON_ECON
861,NON_ECON
862,NON_ECON
863,NON_ECON
864,NON_ECON
865,NON_ECON
866,NON_ECON
867,NON_ECON
868,NON_ECON
869,NON_ECON
870,NON_ECON
871,NON_ECON
872,NON_ECON
873,NON_ECON
874,ECON
875,NON_ECON
876,NON_ECON
877,NON_ECON
878,ECON
879,NON_ECON
880,NON_ECON
881,NON_ECON
882,NON_ECON
883,NON_ECON
884,ECON
885,NON_ECON
886,ECON
887,NON_ECON
888,NON_ECON
889,NON_ECON
890,NON_ECON
891,NON_ECON
892,NON_ECON
893,NON_ECON
894,ECON
895,NON_ECON
896,NON_ECON
897,ECON
898,NON_ECON
899,NON_ECON
900,NON_ECON
901,NON_ECON
902,NON_ECON
903,NON_ECON
904,ECON
905,NON_ECON
906,NON_ECON
907,NON_ECON
908,NON_ECON
909,ECON
910,NON_ECON
911,ECON
912,NON_ECON
913,NON_ECON
914,ECON
915,NON_ECON
916,NON_ECON
917,ECON
918,NON_ECON
919,NON_ECON
920,NON_ECON
921,NON_ECON
922,NON_ECON
923,NON_ECON
924,NON_ECON
925,NON_ECON
926,NON_ECON
927,NON_ECON
928,NON_ECON
929,ECON
930,ECON
931,NON_ECON
932,NON_ECON
933,ECON
934,NON_ECON
935,NON_ECON
936,ECON
937,NON_ECON
938,NON_ECON
939,NON_ECON
940,NON_ECON
941,NON_ECON
942,NON_ECON
943,NON_ECON
944,NON_ECON
945,NON_ECON
946,NON_ECON
947,NON_ECON
948,NON_ECON
949,NON_ECON
950,ECON
951,NON_ECON
952,NON_ECON
953,ECON
954,NON_ECON
955,NON_ECON
956,NON_ECON
957,NON_ECON
958,NON_ECON
959,NON_ECON
960,NON_ECON
961,NON_ECON
962,NON_ECON
963,NON_ECON
964,NON_ECON
965,NON_ECON
966,ECON
967,ECON
968,ECON
969,NON_ECON
970,ECON
971,NON_ECON
972,NON_ECON
973,NON_ECON
974,NON_ECON
975,NON_ECON
976,NON_ECON
977,NON_ECON
978,NON_ECON
979,NON_ECON
980,NON_ECON
981,NON_ECON
982,NON_ECON
983,NON_ECON
984,NON_ECON
985,NON_ECON
986,NON_ECON
987,NON_ECON
988,ECON
989,NON_ECON
990,NON_ECON
991,NON_ECON
992,NON_ECON
993,NON_ECON
994,ECON
995,NON_ECON
996,NON_ECON
997,NON_ECON
998,NON_ECON
999,NON_ECON


